Workbook

Sheet dados
A1: N | B1: Np,nc | C1: tempo_medio
A2: 2 | B2: 1,1 | C2: 0.126168
A3: 2 | B3: 1,2 | C3: 0.059153
A4: 2 | B4: 1,4 | C4: 0.064753
A5: 2 | B5: 1,8 | C5: 0.065237
A6: 2 | B6: 1,16 | C6: 0.065254
A7: 2 | B7: 2,1 | C7: 0.067109
A8: 2 | B8: 4,1 | C8: 0.068669
A9: 2 | B9: 8,1 | C9: 0.068369
A10: 2 | B10: 16,1 | C10: 0.069199
A11: 8 | B11: 1,1 | C11: 0.022371
A12: 8 | B12: 1,2 | C12: 0.01989
A13: 8 | B13: 1,4 | C13: 0.062662
... A28: 32 | B28: 16,1 | C28: 0.06766

Sheet Gráfico1
A3: Np_Nc | B3: N = 2 | C3: N = 8 | D3: N = 32
A4: (1, 1) | B4: =dados!C2 -> 0.126168 | C4: =dados!C11 -> 0.022371 | D4: =dados!C20 -> 0.008653
A5: (1, 2) | B5: =dados!C3 -> 0.059153 | C5: =dados!C12 -> 0.01989 | D5: =dados!C21 -> 0.007452
A6: (1, 4) | B6: =dados!C4 -> 0.064753 | C6: =dados!C13 -> 0.062662 | D6: =dados!C22 -> 0.05816
A7: (1, 8) | B7: =dados!C5 -> 0.065237 | C7: =dados!C14 -> 0.063196 | D7: =dados!C23 -> 0.062686
A8: (1, 16) | B8: =dados!C6 -> 0.065254 | C8: =dados!C15 -> 0.063525 | D8: =dados!C24 -> 0.065521
A9: (2, 1) | B9: =dados!C7 -> 0.067109 | C9: =dados!C16 -> 0.033937 | D9: =dados!C25 -> 0.026544
A10: (4, 1) | B10: =dados!C8 -> 0.068669 | C10: =dados!C17 -> 0.067467 | D10: =dados!C26 -> 0.070543
A11: (8, 1) | B11: =dados!C9 -> 0.068369 | C11: =dados!C18 -> 0.067579 | D11: =dados!C27 -> 0.068053
A12: (16, 1) | B12: =dados!C10 -> 0.069199 | C12: =dados!C19 -> 0.068122 | D12: =dados!C28 -> 0.06766
